"","V1","V2"
"1","Would PEP want all sales teams interpreting social media and interpret growth opportunities or would/should this be managed by a specific group only?  Business process should drive this functinality ","4"
"2","Would like a deeper dive to better understand the Jams (internal) vs Social (external) and how to build out communications with Third Party Distributors, Customers, etc.  It was a bit confussing and not sure if security measures would exit (confidenciatlity)","1"
"3","when will the tool allow the user to see who reviewed the shared documents and take it to another level of which portion of the document was reviewed?","3"
"4","Very strong in collaboration. Wish they had not focused on it as much as they did. ","1"
"5","Very cool mapping and analytical functionality","3"
"6","Very capable platform for collabration.  Sure we will have to change with the trend and move away from email to more of a chatter way but the increased visability and transpaency.","1"
"7","Vendor showed great ways to connect and callaborate between customer and sales rep, between FSR/KAM to PSAM/PD","3"
"8","Utilization of group collaboration for external communication and fobos","1"
"9","This would not be a big portion of time for the PWS CM's.  Could be useful to get quick insight into consumers perspective","3"
"10","This will be down the road for us to work into but again with it being Microsofta and having BING as a search engine","1"
"11","This was similar for all compaines presenting.  ","1"
"12","Their collaboration platform seemed a little confusing to follow.  Specifically when they discussed the value of Chatter vs. normal emails.","1"
"13","The visualization around the Social Media were similar, but their approach as leveraging for an opportunity finder or prioritization into the Selling/TPM was effective.","4"
"14","the surfbi ui seemed very robust and they presented a good story in how to use. As pointed out, this in not an oracle tool and they have not developed their own tool kit with native integration. Hard to get excited about their showing a 3rd party front end as having advanced capabilities on siebel software","1"
"15","The only presentation that had an answer for external communication and fobo alignment.  ","1"
"16","The Marketing Cloud was impressive, alowing trending topics, promotions, local events for opportunities.    Would like to see how to access the information in a demo vs ppt snapshots","4"
"17","The ability to collaborate and to share best practice and the ability to cross share the info accross as many or as few as you like.","3"
"18","Some of their social net working capabilities were insightful, but I'm unclear how it would be value added to our frontline sales teams.","3"
"19","Social was good, and all ofOracles purchased solutions are not integrated to each other.","3"
"20","Similar to other users,  business needs to define usage.","1"
"21","Showed a system that allows for RSS feeds and has a twitter like feed to share comments and documents across.  Appeared user friendly, etc.","3"
"22","Share of voice, Sentiment break down, Competative, Brand/Package, etc. all avaialble with charting capability is very powerful","3"
"23","Seemed to be relatively simple....not terribly robust, but not sure our needs for these features are high priority","1"
"24","Saw very basic discussion functionality on customer comments.  Good integration into Outlook and ability to put the data where the user desires.  ","3"
"25","same comments as #9","3"
"26","Same comment as before.","1"
"28","rely on 3rd party. integration options are strong and relatively open. ","1"
"29","relied on 3rd party data feeds. showed strong experience and skills from other implementations . Accenture has been very active in this space for several years and actively staffing expertise","1"
"30","Real time back and forth was great.  Didn't see a lot on social media.","4"
"31","Pepsico one touch is an interesting idea and I would be interested in learning more.","3"
"32","Not sure how I will apply this fully to my job duties.","1"
"33","Need to understand how PEP looks to integrate this functionality int business processes.  Can become content overload.","1"
"34","Need to make sure the IRI and Customers data can be acessed","1"
"35","Need the ability to access IRI data to leverage Catagory and social insights","4"
"36","MS Collaboration is via outlook and Lync. However outlook collaboration is not available on the ipad","2"
"37","Most Collaboration is linked via outlook but there is no outlook app available for the iPad","2"
"38","More focus on their integration capaiblties, not on the tools themselves.  ","1"
"39","Many existing platforms, expanded to meet increased needs","1"
"40","Made it clear that capability was there, usage would depend on future need.  Clearly built into software ","1"
"41","Look its Microsoft tell me how they could fail,  I think this is a very strong part of what they will offer us","1"
"42","Liked how the vendor was able to pull the information into the applacation and feed that info into real selling conversations","3"
"43","Like the integrated system and would help save time for the CM ","3"
"44","leverage their existing software","1"
"45","It seemed to me that they would support the enhancement of what we already have in place....but I didn't gather that they were purposing any innovative idease regarding social media.","4"
"46","Internal only cant currently involve the customer","1"
"47","Integration with TPM would be a plus here on the retail side.  Social networking was a plus.","1"
"48","Integration with Outlook and Office gives an edge over other vendors from collaboration standpoint.","2"
"49","Incremental cost associated with external users.","1"
"50","I'm very hesitant to support the social media aspect at certain levels due to it's potential lack of credibility.  SM tends to be ""trendy"" and has a ""blog"" feel to it.  I would not present SM data unless I could confirm it was consistent with IRI/Consumer insights/share data.","4"
"51","HTe Chatter function needs to be broken out and kept as groups. Opening it up to the masses may be too much and too wide spread. We need filters for data and communication","1"
"52","Great uses but again this will be something we can move to in time to help the sales process","3"
"53","Great collaboration built in","2"
"54","Great access to customer centric insights.","4"
"55","Good capabilities, but not necessarily value added to the target audience..","3"
"56","giving high marks on modeling and analytics because of their analytic tools. Social media integration seems, again, to be a portal to data collected from other systems (other than core Oracle) and simply displayed rather than analyzed and reacted to","4"
"57","Gettting conected to the outside world IE FOBOs was not clear","1"
"58","Functionality appeared to be available but a more streamlined demonstration would be helpful.   ","3"
"59","From what I can tell, they were just selling integration services for other vendors.  They really did not present any real tools, just services to manage the data.  ","1"
"60","From a crawl to walk perspective the current collaboration functionality of Internal users/groups only is sufficient.  Oracle roadmap to offer external will be availale should we want to run and open up communications/collaboration with Customers, Distributors, Vendors, etc.  ","1"
"61","Fantastic job with Shopper insights.","4"
"62","external audience participation does not exist currently but is in the roadmap for a later release","1"
"63","equal to other vendors","1"
"64","Didn't see anything social media related.","4"
"65","Didn't quite understand the collaboration with customers, or how to connect internally to other divisions via retail accounts","2"
"66","Did not support collaboration outside of PepsiCo. Was unclear what that user experience would be in future releases.","3"
"67","Did not see much in the demo that highlighted this capability.   Most of the analytics were simple reports....not true insights","4"
"68","Did not see any discussions in this area.  ","4"
"69","did not provide enough information on social media.","4"
"70","Crawl, Walk and Run approach was easy to follow with regards to what we can do in the short term vs. what does the future look like.","1"
"71","Cost to include FOBO or external customers","1"
"72","Concern about the lack of current integration into MS Lync and the confusion that will create within the organization.  ","1"
"73","Collaboration was largely a function of integrating other vendor solutions ","3"
"74","Clearly the best piece of their presentation.  Their social media gathering, etc was pretty amazing.  ","4"
"75","Chatter was clearly this vendors differenciation.  However, i'm not sure PEP organizationally is ready to take the plung with communicating with both internal/external parties, search/read or ask for content, etc.  ","1"
"76","As disscussed Pepsi has this capabilities and should be first looked as the place to go for this content.  The value is when you are able to bring that real time to the customer.","3"
"77","Appeared to exist but would like to see CPG-Beverage (Foodservice) specifics.    ","3"
"78","analytics based on social media discussions was powerful and interesting","4"
"79","Again...the vendor has a unique view from the inside our company and showed what ways that they can help us.","3"
"80","Accenture does not have a collaboration tool","2"
"81","1.At store level management was great. 2. Social media was good, not sure how to apply to my day to day functions","4"
"82","1. Tied in how information would relate to my day to day slaes call.","4"
"83","1. Spending too much time on IM program.(Chatter) ","3"
